IF (select COUNT(*) from Vehiculo) <= 0
BEGIN
	--Se agregan datos de Vehiculos
	SET IDENTITY_INSERT [dbo].[Vehiculo] ON 
	INSERT [dbo].[Vehiculo] ([Id], [Placa]) VALUES (1,  N'ASD123')
	INSERT [dbo].[Vehiculo] ([Id], [Placa]) VALUES (2,  N'9B2NSH')
	INSERT [dbo].[Vehiculo] ([Id], [Placa]) VALUES (3,  N'TWU6BT')
	INSERT [dbo].[Vehiculo] ([Id], [Placa]) VALUES (4,  N'Y63FJF')
	INSERT [dbo].[Vehiculo] ([Id], [Placa]) VALUES (5,  N'0IU3VE')
	INSERT [dbo].[Vehiculo] ([Id], [Placa]) VALUES (6,  N'GMXO9H')
	INSERT [dbo].[Vehiculo] ([Id], [Placa]) VALUES (7,  N'MGCJGG')
	INSERT [dbo].[Vehiculo] ([Id], [Placa]) VALUES (8,  N'VTR5GL')
	INSERT [dbo].[Vehiculo] ([Id], [Placa]) VALUES (9,  N'K8G4R5')
	INSERT [dbo].[Vehiculo] ([Id], [Placa]) VALUES (10, N'7JIH0C')
	INSERT [dbo].[Vehiculo] ([Id], [Placa]) VALUES (11, N'O4IHGC')
	INSERT [dbo].[Vehiculo] ([Id], [Placa]) VALUES (12, N'OB6H0O')
	INSERT [dbo].[Vehiculo] ([Id], [Placa]) VALUES (13, N'2UEKF0')
	INSERT [dbo].[Vehiculo] ([Id], [Placa]) VALUES (14, N'5V2AUL')
	INSERT [dbo].[Vehiculo] ([Id], [Placa]) VALUES (15, N'UEO8BE')
	INSERT [dbo].[Vehiculo] ([Id], [Placa]) VALUES (16, N'5SZV6D')
	INSERT [dbo].[Vehiculo] ([Id], [Placa]) VALUES (17, N'EPOPGR')
	INSERT [dbo].[Vehiculo] ([Id], [Placa]) VALUES (18, N'VRDPQY')
	INSERT [dbo].[Vehiculo] ([Id], [Placa]) VALUES (19, N'M4O271')
	INSERT [dbo].[Vehiculo] ([Id], [Placa]) VALUES (20, N'YEIR6U')
	INSERT [dbo].[Vehiculo] ([Id], [Placa]) VALUES (21, N'C9IL18')
	INSERT [dbo].[Vehiculo] ([Id], [Placa]) VALUES (22, N'KENZ83')
	INSERT [dbo].[Vehiculo] ([Id], [Placa]) VALUES (23, N'TTIY3S')
	INSERT [dbo].[Vehiculo] ([Id], [Placa]) VALUES (24, N'AEREB7')
	INSERT [dbo].[Vehiculo] ([Id], [Placa]) VALUES (25, N'JN3ZE1')
	INSERT [dbo].[Vehiculo] ([Id], [Placa]) VALUES (26, N'CALY1M')
	INSERT [dbo].[Vehiculo] ([Id], [Placa]) VALUES (27, N'RNU9ZV')
	INSERT [dbo].[Vehiculo] ([Id], [Placa]) VALUES (28, N'FPJDI8')
	INSERT [dbo].[Vehiculo] ([Id], [Placa]) VALUES (29, N'C16TQ6')
	INSERT [dbo].[Vehiculo] ([Id], [Placa]) VALUES (30, N'NV1XQ1')
	INSERT [dbo].[Vehiculo] ([Id], [Placa]) VALUES (31, N'L5VZB3')
	INSERT [dbo].[Vehiculo] ([Id], [Placa]) VALUES (32, N'ABZGSE')
	INSERT [dbo].[Vehiculo] ([Id], [Placa]) VALUES (33, N'IM2J5V')
	SET IDENTITY_INSERT [dbo].[Vehiculo] OFF
	--Se agregan empleados
	SET IDENTITY_INSERT [dbo].[Empleado] ON
	INSERT INTO Empleado([Id],[Nombres],[Apellidos],[Celular],[Documento],[Email],[Cargo],[FechaNacimiento],[TieneHijos]) VALUES(1,'Kiara','Hudson','3487161910','24151130','inceptos@enimcommodo.co.uk','Conductor','2018-09-29 16:07:25','0')
	INSERT INTO Empleado([Id],[Nombres],[Apellidos],[Celular],[Documento],[Email],[Cargo],[FechaNacimiento],[TieneHijos]) VALUES(2,'Nathan','Barron','3410241217','20452101','Nunc@Nunclectuspede.org','Agente','1996-09-16 20:07:38','0')
	INSERT INTO Empleado([Id],[Nombres],[Apellidos],[Celular],[Documento],[Email],[Cargo],[FechaNacimiento],[TieneHijos]) VALUES(3,'Hilary','Long','3867726447','24661572','consectetuer.mauris.id@ullamcorper.co.uk','Repartidor','1981-06-05 07:28:06','1')
	INSERT INTO Empleado([Id],[Nombres],[Apellidos],[Celular],[Documento],[Email],[Cargo],[FechaNacimiento],[TieneHijos]) VALUES(4,'Heather','Harper','3569675297','31537245','luctus.et@turpis.edu','Administrador','2017-08-07 16:12:40','1')
	INSERT INTO Empleado([Id],[Nombres],[Apellidos],[Celular],[Documento],[Email],[Cargo],[FechaNacimiento],[TieneHijos]) VALUES(5,'Flynn','Sloan','3366036603','22729237','vitae.diam.Proin@arcueu.co.uk','Conductor','2021-03-04 00:47:58','1')
	INSERT INTO Empleado([Id],[Nombres],[Apellidos],[Celular],[Documento],[Email],[Cargo],[FechaNacimiento],[TieneHijos]) VALUES(6,'Kieran','Good','3216229802','24943691','posuere.cubilia@test.org','Repartidor','2000-04-23 19:09:06','0')
	INSERT INTO Empleado([Id],[Nombres],[Apellidos],[Celular],[Documento],[Email],[Cargo],[FechaNacimiento],[TieneHijos]) VALUES(7,'Jack','Ortiz','3011256414','41735698','sem.elit@non.com','Conductor','2019-11-25 16:43:46','0')
	INSERT INTO Empleado([Id],[Nombres],[Apellidos],[Celular],[Documento],[Email],[Cargo],[FechaNacimiento],[TieneHijos]) VALUES(8,'Hamish','Tucker','3302540590','42774532','montes.nascetur@lobortisnisi.net','Asesor','1981-01-31 02:23:55','1')
	INSERT INTO Empleado([Id],[Nombres],[Apellidos],[Celular],[Documento],[Email],[Cargo],[FechaNacimiento],[TieneHijos]) VALUES(9,'Amber','Macias','3862655368','23126921','Quisque@necligula.com','Repartidor','2010-02-02 10:06:08','1')
	INSERT INTO Empleado([Id],[Nombres],[Apellidos],[Celular],[Documento],[Email],[Cargo],[FechaNacimiento],[TieneHijos]) VALUES(10,'Bree','Holt','3174048593','19333969','egestas@semPellentesque.co.uk','Repartidor','2003-06-16 04:48:39','1')
	INSERT INTO Empleado([Id],[Nombres],[Apellidos],[Celular],[Documento],[Email],[Cargo],[FechaNacimiento],[TieneHijos]) VALUES(11,'Preston','Adkins','3213271639','31879383','montes@acfacilisis.org','Mecanico','1989-09-30 11:42:37','0')
	INSERT INTO Empleado([Id],[Nombres],[Apellidos],[Celular],[Documento],[Email],[Cargo],[FechaNacimiento],[TieneHijos]) VALUES(12,'Joan','Carroll','3642115050','31462806','enim.mi.tempor@maurisa.org','Agente','2013-12-31 19:24:35','0')
	INSERT INTO Empleado([Id],[Nombres],[Apellidos],[Celular],[Documento],[Email],[Cargo],[FechaNacimiento],[TieneHijos]) VALUES(13,'Jasper','Ross','3610402611','11610664','Curae.Donec@Proinsed.com','Agente','1985-08-23 22:00:16','0')
	INSERT INTO Empleado([Id],[Nombres],[Apellidos],[Celular],[Documento],[Email],[Cargo],[FechaNacimiento],[TieneHijos]) VALUES(14,'Debra','Norton','3119655045','32050736','urna.justo.faucibus@vitaesodales.net','Asesor','2005-01-28 00:57:06','1')
	INSERT INTO Empleado([Id],[Nombres],[Apellidos],[Celular],[Documento],[Email],[Cargo],[FechaNacimiento],[TieneHijos]) VALUES(15,'Jena','Martinez','3669143400','12972558','taciti@ligulaAeneangravida.ca','Mecanico','1998-03-16 09:08:47','0')
	INSERT INTO Empleado([Id],[Nombres],[Apellidos],[Celular],[Documento],[Email],[Cargo],[FechaNacimiento],[TieneHijos]) VALUES(16,'Laurel','Mccormick','3949276805','26751638','rhoncus.Nullam@vulputate.co.uk','Mecanico','1986-12-25 17:21:29','0')
	INSERT INTO Empleado([Id],[Nombres],[Apellidos],[Celular],[Documento],[Email],[Cargo],[FechaNacimiento],[TieneHijos]) VALUES(17,'Alice','Trujillo','3968948353','22837919','Aenean@milorem.edu','Repartidor','1996-04-07 03:34:08','0')
	INSERT INTO Empleado([Id],[Nombres],[Apellidos],[Celular],[Documento],[Email],[Cargo],[FechaNacimiento],[TieneHijos]) VALUES(18,'Nathan','Moore','3660342817','20273887','et.eros@egetvolutpat.co.uk','Mecanico','1986-05-04 16:05:52','0')
	INSERT INTO Empleado([Id],[Nombres],[Apellidos],[Celular],[Documento],[Email],[Cargo],[FechaNacimiento],[TieneHijos]) VALUES(19,'Kamal','Ware','3825588822','45181422','luctus.ut@faucibus.co.uk','Conductor','1988-11-09 00:21:40','0')
	INSERT INTO Empleado([Id],[Nombres],[Apellidos],[Celular],[Documento],[Email],[Cargo],[FechaNacimiento],[TieneHijos]) VALUES(20,'Caleb','Crawford','3027780573','44157104','odio@Mauris.ca','Agente','2012-02-10 01:50:38','0')
	INSERT INTO Empleado([Id],[Nombres],[Apellidos],[Celular],[Documento],[Email],[Cargo],[FechaNacimiento],[TieneHijos]) VALUES(21,'Miranda','Soto','3846970786','17878945','ullamcorper.Duis@Vestibulum.org','Mecanico','2006-10-14 07:30:50','0')
	INSERT INTO Empleado([Id],[Nombres],[Apellidos],[Celular],[Documento],[Email],[Cargo],[FechaNacimiento],[TieneHijos]) VALUES(22,'Jelani','Mcdowell','3058345880','22459841','diam@loremvehicula.org','Asesor','1993-03-12 16:06:32','1')
	INSERT INTO Empleado([Id],[Nombres],[Apellidos],[Celular],[Documento],[Email],[Cargo],[FechaNacimiento],[TieneHijos]) VALUES(23,'Stephen','Riggs','3661832762','38980543','aliquam@nonmassa.net','Conductor','1990-04-01 18:53:26','0')
	INSERT INTO Empleado([Id],[Nombres],[Apellidos],[Celular],[Documento],[Email],[Cargo],[FechaNacimiento],[TieneHijos]) VALUES(24,'Sandra','Carlson','3233144249','39894984','molestie@VivamusnisiMauris.net','Asesor','1999-06-24 09:24:44','0')
	INSERT INTO Empleado([Id],[Nombres],[Apellidos],[Celular],[Documento],[Email],[Cargo],[FechaNacimiento],[TieneHijos]) VALUES(25,'Natalie','William','3596735831','36577146','ornare.elit@etnetus.org','Asesor','1992-01-10 00:29:02','1')
	INSERT INTO Empleado([Id],[Nombres],[Apellidos],[Celular],[Documento],[Email],[Cargo],[FechaNacimiento],[TieneHijos]) VALUES(26,'Maggie','Webb','3391518978','48328400','pede.sagittis.augue@egestasa.org','Conductor','2013-09-24 12:47:15','1')
	INSERT INTO Empleado([Id],[Nombres],[Apellidos],[Celular],[Documento],[Email],[Cargo],[FechaNacimiento],[TieneHijos]) VALUES(27,'Christian','Briggs','3475791378','17228884','diam.Duis@magnaUt.net','Asesor','2006-03-05 16:38:53','1')
	INSERT INTO Empleado([Id],[Nombres],[Apellidos],[Celular],[Documento],[Email],[Cargo],[FechaNacimiento],[TieneHijos]) VALUES(28,'Grady','Ellis','3228257139','19034378','accumsan.convallis@pedeultricesa.com','Repartidor','1981-04-07 11:30:01','1')
	INSERT INTO Empleado([Id],[Nombres],[Apellidos],[Celular],[Documento],[Email],[Cargo],[FechaNacimiento],[TieneHijos]) VALUES(29,'Noelle','Joyce','3917866091','43498166','vitae.mauris.sit@anteNuncmauris.edu','Agente','1996-06-10 19:37:21','1')
	INSERT INTO Empleado([Id],[Nombres],[Apellidos],[Celular],[Documento],[Email],[Cargo],[FechaNacimiento],[TieneHijos]) VALUES(30,'Tatum','Mullins','3772191437','34008833','lectus.Cum@molestie.edu','Agente','1992-12-16 16:24:08','0')
	INSERT INTO Empleado([Id],[Nombres],[Apellidos],[Celular],[Documento],[Email],[Cargo],[FechaNacimiento],[TieneHijos]) VALUES(31,'Mark','Mann','3938021902','8646736','nulla.Donec.non@faucibusorciluctus.ca','Conductor','1986-04-11 09:38:46','1')
	INSERT INTO Empleado([Id],[Nombres],[Apellidos],[Celular],[Documento],[Email],[Cargo],[FechaNacimiento],[TieneHijos]) VALUES(32,'Zenaida','Nguyen','3414579591','14080536','nulla@Duisatlacus.com','Administrador','1995-07-31 21:16:34','1')
	INSERT INTO Empleado([Id],[Nombres],[Apellidos],[Celular],[Documento],[Email],[Cargo],[FechaNacimiento],[TieneHijos]) VALUES(33,'Brent','Kemp','3894247061','31829558','feugiat@tristique.edu','Agente','2004-02-12 12:10:34','1')
	INSERT INTO Empleado([Id],[Nombres],[Apellidos],[Celular],[Documento],[Email],[Cargo],[FechaNacimiento],[TieneHijos]) VALUES(34,'Alan','Mann','3852875249','29270628','urna.Nullam@elementumduiquis.ca','Administrador','1985-11-03 01:16:41','0')
	INSERT INTO Empleado([Id],[Nombres],[Apellidos],[Celular],[Documento],[Email],[Cargo],[FechaNacimiento],[TieneHijos]) VALUES(35,'Laurel','Joseph','3993103769','10537927','imperdiet.non@ultricessit.com','Mecanico','1982-10-02 00:31:52','0')
	INSERT INTO Empleado([Id],[Nombres],[Apellidos],[Celular],[Documento],[Email],[Cargo],[FechaNacimiento],[TieneHijos]) VALUES(36,'Kirsten','Melendez','3701128637','10537519','enim@telluslorem.org','Conductor','1998-12-18 01:16:24','1')
	INSERT INTO Empleado([Id],[Nombres],[Apellidos],[Celular],[Documento],[Email],[Cargo],[FechaNacimiento],[TieneHijos]) VALUES(37,'Raya','Holland','3265289959','15437535','in.dolor.Fusce@amet.org','Asesor','2007-12-23 11:05:03','0')
	INSERT INTO Empleado([Id],[Nombres],[Apellidos],[Celular],[Documento],[Email],[Cargo],[FechaNacimiento],[TieneHijos]) VALUES(38,'Olga','Mccarty','3461750307','35661397','mollis@magna.co.uk','Agente','2001-10-10 22:32:12','1')
	INSERT INTO Empleado([Id],[Nombres],[Apellidos],[Celular],[Documento],[Email],[Cargo],[FechaNacimiento],[TieneHijos]) VALUES(39,'Suki','Ramirez','3008205523','20735584','aliquam.eu.accumsan@Nam.ca','Asesor','2009-06-13 09:51:29','0')
	INSERT INTO Empleado([Id],[Nombres],[Apellidos],[Celular],[Documento],[Email],[Cargo],[FechaNacimiento],[TieneHijos]) VALUES(40,'Guinevere','Wynn','3242918130','47834453','Nulla@bibendumsed.org','Agente','2020-07-27 15:05:41','1')
	INSERT INTO Empleado([Id],[Nombres],[Apellidos],[Celular],[Documento],[Email],[Cargo],[FechaNacimiento],[TieneHijos]) VALUES(41,'Wynne','Pate','3280737934','37966041','aliquet.lobortis.nisi@nequeSed.com','Administrador','1982-08-28 20:02:22','1')
	INSERT INTO Empleado([Id],[Nombres],[Apellidos],[Celular],[Documento],[Email],[Cargo],[FechaNacimiento],[TieneHijos]) VALUES(42,'Laurel','Booth','3524699878','41896974','Sed.et@auctor.ca','Administrador','2000-05-23 16:29:53','0')
	INSERT INTO Empleado([Id],[Nombres],[Apellidos],[Celular],[Documento],[Email],[Cargo],[FechaNacimiento],[TieneHijos]) VALUES(43,'Rajah','Powell','3656304924','26805783','sodales.elit@hymenaeosMaurisut.com','Mecanico','2007-10-08 20:39:47','0')
	INSERT INTO Empleado([Id],[Nombres],[Apellidos],[Celular],[Documento],[Email],[Cargo],[FechaNacimiento],[TieneHijos]) VALUES(44,'Clayton','Griffin','3796009039','21443385','sed@nonenim.org','Conductor','1982-08-29 14:14:11','1')
	INSERT INTO Empleado([Id],[Nombres],[Apellidos],[Celular],[Documento],[Email],[Cargo],[FechaNacimiento],[TieneHijos]) VALUES(45,'Iris','Weeks','3169462225','22785186','tincidunt@arcu.ca','Conductor','1981-01-21 00:25:48','1')
	INSERT INTO Empleado([Id],[Nombres],[Apellidos],[Celular],[Documento],[Email],[Cargo],[FechaNacimiento],[TieneHijos]) VALUES(46,'Michael','Terrell','3334021115','12536912','pellentesque.@test.net','Asesor','2016-01-14 10:45:20','0')
	INSERT INTO Empleado([Id],[Nombres],[Apellidos],[Celular],[Documento],[Email],[Cargo],[FechaNacimiento],[TieneHijos]) VALUES(47,'Jade','Chase','3101290296','24592422','magna.et@tempus.net','Repartidor','2002-08-05 19:22:44','0')
	INSERT INTO Empleado([Id],[Nombres],[Apellidos],[Celular],[Documento],[Email],[Cargo],[FechaNacimiento],[TieneHijos]) VALUES(48,'Vivien','Holder','3470712838','38290659','mattis@Cras.co.uk','Agente','1985-01-12 10:34:11','1')
	INSERT INTO Empleado([Id],[Nombres],[Apellidos],[Celular],[Documento],[Email],[Cargo],[FechaNacimiento],[TieneHijos]) VALUES(49,'Alana','Andrews','3102147547','44302303','Nunc.quis@ullamcorpervelitin.net','Administrador','1993-11-13 20:27:58','0')
	INSERT INTO Empleado([Id],[Nombres],[Apellidos],[Celular],[Documento],[Email],[Cargo],[FechaNacimiento],[TieneHijos]) VALUES(50,'Tate','Garrison','3157560564','24670097','sem@adipiscingelitCurabitur.ca','Repartidor','2002-08-16 23:04:41','1')
	INSERT INTO Empleado([Id],[Nombres],[Apellidos],[Celular],[Documento],[Email],[Cargo],[FechaNacimiento],[TieneHijos]) VALUES(51,'Len','Barton','3741099265','11750809','egestas@erat.net','Asesor','1994-04-18 01:41:32','0')
	INSERT INTO Empleado([Id],[Nombres],[Apellidos],[Celular],[Documento],[Email],[Cargo],[FechaNacimiento],[TieneHijos]) VALUES(52,'Inez','Estrada','3570417466','6300064','volutpat@scelerisquemollis.com','Agente','2007-02-07 09:48:33','0')
	INSERT INTO Empleado([Id],[Nombres],[Apellidos],[Celular],[Documento],[Email],[Cargo],[FechaNacimiento],[TieneHijos]) VALUES(53,'Cherokee','Richmond','3801311647','12965352','nulla.Cras@nisl.org','Administrador','1998-07-07 06:29:20','0')
	INSERT INTO Empleado([Id],[Nombres],[Apellidos],[Celular],[Documento],[Email],[Cargo],[FechaNacimiento],[TieneHijos]) VALUES(54,'Reed','Mccarthy','3705344865','43347531','nonummy.Fusce@Aliquam.ca','Conductor','1999-08-28 06:46:46','1')
	INSERT INTO Empleado([Id],[Nombres],[Apellidos],[Celular],[Documento],[Email],[Cargo],[FechaNacimiento],[TieneHijos]) VALUES(55,'Gay','Daniel','3935764229','36929241','vestibulum.nec@odioAliquam.org','Agente','2001-06-12 04:39:05','1')
	INSERT INTO Empleado([Id],[Nombres],[Apellidos],[Celular],[Documento],[Email],[Cargo],[FechaNacimiento],[TieneHijos]) VALUES(56,'Andrew','Scott','3265072933','16763390','pretium@Ut.org','Repartidor','1990-01-30 02:11:39','0')
	INSERT INTO Empleado([Id],[Nombres],[Apellidos],[Celular],[Documento],[Email],[Cargo],[FechaNacimiento],[TieneHijos]) VALUES(57,'Rama','Palmer','3549120219','39278607','non.lobortis@mipedenonummy.ca','Asesor','2011-10-02 15:34:33','1')
	INSERT INTO Empleado([Id],[Nombres],[Apellidos],[Celular],[Documento],[Email],[Cargo],[FechaNacimiento],[TieneHijos]) VALUES(58,'Jermaine','Jackson','3172600364','28004317','ultrices@enimnon.edu','Repartidor','2010-04-03 16:40:50','1')
	INSERT INTO Empleado([Id],[Nombres],[Apellidos],[Celular],[Documento],[Email],[Cargo],[FechaNacimiento],[TieneHijos]) VALUES(59,'Selma','Ellis','3867242155','30501875','faucibus.id@lobortisClass.ca','Agente','2003-08-10 15:45:55','0')
	INSERT INTO Empleado([Id],[Nombres],[Apellidos],[Celular],[Documento],[Email],[Cargo],[FechaNacimiento],[TieneHijos]) VALUES(60,'Aidan','Aguirre','3062870263','10399313','blandit.mattis.Cras@Naminterdum.edu','Conductor','1981-04-03 15:08:04','0')
	INSERT INTO Empleado([Id],[Nombres],[Apellidos],[Celular],[Documento],[Email],[Cargo],[FechaNacimiento],[TieneHijos]) VALUES(61,'Abel','Joseph','3389374630','35949401','In.condimentum@Duis.com','Asesor','1986-02-03 22:11:32','1')
	INSERT INTO Empleado([Id],[Nombres],[Apellidos],[Celular],[Documento],[Email],[Cargo],[FechaNacimiento],[TieneHijos]) VALUES(62,'Kellie','Warren','3320564309','40309724','gravida.nunc@amet.ca','Asesor','2011-10-30 04:21:33','1')
	INSERT INTO Empleado([Id],[Nombres],[Apellidos],[Celular],[Documento],[Email],[Cargo],[FechaNacimiento],[TieneHijos]) VALUES(63,'Lawrence','Romero','3320366988','20069698','Duis.gravida@elitEtiam.co.uk','Mecanico','1993-05-20 20:13:38','1')
	INSERT INTO Empleado([Id],[Nombres],[Apellidos],[Celular],[Documento],[Email],[Cargo],[FechaNacimiento],[TieneHijos]) VALUES(64,'Athena','Harmon','3659990987','5307669','mattis@uteros.co.uk','Repartidor','2019-05-29 07:38:28','0')
	INSERT INTO Empleado([Id],[Nombres],[Apellidos],[Celular],[Documento],[Email],[Cargo],[FechaNacimiento],[TieneHijos]) VALUES(65,'Adrienne','Luna','3341797169','13390378','adipiscing.Mauris.molestie@imperdieterat.com','Administrador','1995-05-27 13:27:39','1')
	INSERT INTO Empleado([Id],[Nombres],[Apellidos],[Celular],[Documento],[Email],[Cargo],[FechaNacimiento],[TieneHijos]) VALUES(66,'Cruz','Guerrero','3808280299','12519328','ac@ametnulla.ca','Asesor','1995-05-07 13:52:24','0')
	INSERT INTO Empleado([Id],[Nombres],[Apellidos],[Celular],[Documento],[Email],[Cargo],[FechaNacimiento],[TieneHijos]) VALUES(67,'Harrison','Morse','3865647717','8233857','odio.sagittis.semper@ligula.net','Conductor','1988-11-07 23:00:05','0')
	INSERT INTO Empleado([Id],[Nombres],[Apellidos],[Celular],[Documento],[Email],[Cargo],[FechaNacimiento],[TieneHijos]) VALUES(68,'Hadassah','Parker','3385267667','38175984','pede.et@Sednulla.net','Agente','1980-08-25 16:07:12','0')
	INSERT INTO Empleado([Id],[Nombres],[Apellidos],[Celular],[Documento],[Email],[Cargo],[FechaNacimiento],[TieneHijos]) VALUES(69,'Justin','Hill','3058760404','10599132','vulputate.lacus.Cras@hendreritaarcu.co.uk','Mecanico','1989-08-22 18:52:01','1')
	INSERT INTO Empleado([Id],[Nombres],[Apellidos],[Celular],[Documento],[Email],[Cargo],[FechaNacimiento],[TieneHijos]) VALUES(70,'Cailin','Owens','3947451462','39442210','nec.ante.Maecenas@aarcu.org','Repartidor','2014-08-04 18:51:43','1')
	INSERT INTO Empleado([Id],[Nombres],[Apellidos],[Celular],[Documento],[Email],[Cargo],[FechaNacimiento],[TieneHijos]) VALUES(71,'Fitzgerald','Mays','3204495245','9602293','Etiam.imperdiet@malesuadafringillaest.net','Administrador','1994-10-31 11:37:16','1')
	INSERT INTO Empleado([Id],[Nombres],[Apellidos],[Celular],[Documento],[Email],[Cargo],[FechaNacimiento],[TieneHijos]) VALUES(72,'Jonah','Mann','3856168510','36531099','mi.lorem@quam.edu','Repartidor','2004-02-26 09:23:45','0')
	INSERT INTO Empleado([Id],[Nombres],[Apellidos],[Celular],[Documento],[Email],[Cargo],[FechaNacimiento],[TieneHijos]) VALUES(73,'Wesley','Wall','3256205351','40268441','amet@amet.co.uk','Asesor','2015-01-23 16:52:01','0')
	INSERT INTO Empleado([Id],[Nombres],[Apellidos],[Celular],[Documento],[Email],[Cargo],[FechaNacimiento],[TieneHijos]) VALUES(74,'Yuli','Ball','3599333749','41791052','cursus@ultricessitamet.edu','Conductor','2010-07-22 03:50:13','0')
	INSERT INTO Empleado([Id],[Nombres],[Apellidos],[Celular],[Documento],[Email],[Cargo],[FechaNacimiento],[TieneHijos]) VALUES(75,'Zeph','Hoffman','3870476099','33541202','id@nondapibus.edu','Agente','1988-09-10 17:28:41','1')
	INSERT INTO Empleado([Id],[Nombres],[Apellidos],[Celular],[Documento],[Email],[Cargo],[FechaNacimiento],[TieneHijos]) VALUES(76,'Clinton','Greer','3395603378','25710612','diam.Sed.diam@velfaucibusid.edu','Conductor','2012-01-11 13:38:18','1')
	INSERT INTO Empleado([Id],[Nombres],[Apellidos],[Celular],[Documento],[Email],[Cargo],[FechaNacimiento],[TieneHijos]) VALUES(77,'Madonna','Harrell','3098727491','12872973','sem@DonecfringillaDonec.co.uk','Conductor','1992-01-30 16:41:37','1')
	INSERT INTO Empleado([Id],[Nombres],[Apellidos],[Celular],[Documento],[Email],[Cargo],[FechaNacimiento],[TieneHijos]) VALUES(78,'Keaton','Strong','3494282094','18037495','Aliquam@interdumligula.com','Repartidor','2011-08-30 07:32:24','0')
	INSERT INTO Empleado([Id],[Nombres],[Apellidos],[Celular],[Documento],[Email],[Cargo],[FechaNacimiento],[TieneHijos]) VALUES(79,'Kitra','Harvey','3534609633','24079246','Nunc.mauris.Morbi@montesnasceturridiculus.ca','Repartidor','2013-07-21 20:16:46','1')
	INSERT INTO Empleado([Id],[Nombres],[Apellidos],[Celular],[Documento],[Email],[Cargo],[FechaNacimiento],[TieneHijos]) VALUES(80,'Colt','Luna','3261552293','12323101','eleifend@tinciduntnunc.edu','Agente','1992-10-10 15:46:08','1')
	INSERT INTO Empleado([Id],[Nombres],[Apellidos],[Celular],[Documento],[Email],[Cargo],[FechaNacimiento],[TieneHijos]) VALUES(81,'Maris','Velasquez','3041814649','9903410','In.tincidunt.congue@vitae.edu','Agente','2018-09-14 12:23:37','1')
	INSERT INTO Empleado([Id],[Nombres],[Apellidos],[Celular],[Documento],[Email],[Cargo],[FechaNacimiento],[TieneHijos]) VALUES(82,'Patrick','Davis','3946860024','40595177','interdum@ametmassaQuisque.ca','Agente','2020-10-28 01:27:51','0')
	INSERT INTO Empleado([Id],[Nombres],[Apellidos],[Celular],[Documento],[Email],[Cargo],[FechaNacimiento],[TieneHijos]) VALUES(83,'Jana','Cortez','3147468595','7729235','ac@tristique.org','Repartidor','1982-08-08 17:36:47','1')
	INSERT INTO Empleado([Id],[Nombres],[Apellidos],[Celular],[Documento],[Email],[Cargo],[FechaNacimiento],[TieneHijos]) VALUES(84,'Geoffrey','Price','3028659812','27446683','non@mollisdui.edu','Repartidor','2017-02-23 17:55:24','0')
	INSERT INTO Empleado([Id],[Nombres],[Apellidos],[Celular],[Documento],[Email],[Cargo],[FechaNacimiento],[TieneHijos]) VALUES(85,'Harlan','Wilcox','3416211679','20194553','dictum@estacmattis.edu','Administrador','1981-12-12 16:38:23','1')
	INSERT INTO Empleado([Id],[Nombres],[Apellidos],[Celular],[Documento],[Email],[Cargo],[FechaNacimiento],[TieneHijos]) VALUES(86,'Desiree','Hayden','3617837295','22541556','mollis.Phasellus.libero@enimEtiamimperdiet.edu','Administrador','1983-03-02 07:46:58','1')
	INSERT INTO Empleado([Id],[Nombres],[Apellidos],[Celular],[Documento],[Email],[Cargo],[FechaNacimiento],[TieneHijos]) VALUES(87,'Joel','Craft','3209833461','6034272','ut@ettristique.co.uk','Mecanico','2007-05-05 14:22:31','0')
	INSERT INTO Empleado([Id],[Nombres],[Apellidos],[Celular],[Documento],[Email],[Cargo],[FechaNacimiento],[TieneHijos]) VALUES(88,'Ray','Pearson','3665723067','9776737','faucibus@Donecelementumlorem.edu','Administrador','1994-07-28 09:02:30','1')
	INSERT INTO Empleado([Id],[Nombres],[Apellidos],[Celular],[Documento],[Email],[Cargo],[FechaNacimiento],[TieneHijos]) VALUES(89,'Richard','Lara','3186551016','30719806','euismod.urna.Nullam@semperet.edu','Agente','2017-07-08 12:39:24','1')
	INSERT INTO Empleado([Id],[Nombres],[Apellidos],[Celular],[Documento],[Email],[Cargo],[FechaNacimiento],[TieneHijos]) VALUES(90,'Damian','Walls','3755011705','45435511','vitae.sodales.nisi@congue.ca','Asesor','2009-02-08 03:05:23','1')
	INSERT INTO Empleado([Id],[Nombres],[Apellidos],[Celular],[Documento],[Email],[Cargo],[FechaNacimiento],[TieneHijos]) VALUES(91,'Cole','Snow','3526641864','12395309','et@risus.edu','Agente','1982-08-25 17:51:06','1')
	INSERT INTO Empleado([Id],[Nombres],[Apellidos],[Celular],[Documento],[Email],[Cargo],[FechaNacimiento],[TieneHijos]) VALUES(92,'Yeo','Calderon','3288713711','33404973','massa.Vestibulum@eget.net','Repartidor','1982-03-28 20:01:10','0')
	INSERT INTO Empleado([Id],[Nombres],[Apellidos],[Celular],[Documento],[Email],[Cargo],[FechaNacimiento],[TieneHijos]) VALUES(93,'Maggie','Vinson','3776260736','19701128','dolor@bibendumullamcorperDuis.org','Agente','2000-02-19 08:50:38','0')
	SET IDENTITY_INSERT [dbo].[Empleado] OFF
	--Se agregan Viajes
	SET IDENTITY_INSERT [dbo].[Viaje] ON 
	INSERT [dbo].[Viaje] ([Id], [CiudadSalida], [CiudadDestino], [VehiculoId], [NombrePasajero], [FechaSalida], [FechaLlegada], [ArticuloEntregado], [ViajeCancelado]) VALUES (1, N'Braunau am Inn', N'St. Ives', 12, N'James', CAST(N'2019-07-07T04:19:15.000' AS DateTime), CAST(N'2019-11-07T14:58:21.000' AS DateTime), 1, 0)
	INSERT [dbo].[Viaje] ([Id], [CiudadSalida], [CiudadDestino], [VehiculoId], [NombrePasajero], [FechaSalida], [FechaLlegada], [ArticuloEntregado], [ViajeCancelado]) VALUES (2, N'Florida', N'Celle', 20, N'Diana', CAST(N'2020-03-10T02:59:29.000' AS DateTime), CAST(N'2020-03-11T02:59:29.000' AS DateTime), 1, 1)
	INSERT [dbo].[Viaje] ([Id], [CiudadSalida], [CiudadDestino], [VehiculoId], [NombrePasajero], [FechaSalida], [FechaLlegada], [ArticuloEntregado], [ViajeCancelado]) VALUES (3, N'Florida', N'Strijtem', 21, N'Hope', CAST(N'2019-09-28T17:36:09.000' AS DateTime), CAST(N'2019-09-29T17:36:09.000' AS DateTime), 1, 0)
	INSERT [dbo].[Viaje] ([Id], [CiudadSalida], [CiudadDestino], [VehiculoId], [NombrePasajero], [FechaSalida], [FechaLlegada], [ArticuloEntregado], [ViajeCancelado]) VALUES (4, N'Ceuta', N'Bad Vilbel', 5, N'Tasha', CAST(N'2019-08-03T18:34:26.000' AS DateTime), CAST(N'2019-10-15T12:59:44.000' AS DateTime), 0, 1)
	INSERT [dbo].[Viaje] ([Id], [CiudadSalida], [CiudadDestino], [VehiculoId], [NombrePasajero], [FechaSalida], [FechaLlegada], [ArticuloEntregado], [ViajeCancelado]) VALUES (5, N'Rebecq', N'Lang', 12, N'Kathleen', CAST(N'2020-01-07T11:59:39.000' AS DateTime), CAST(N'2020-03-09T11:07:24.000' AS DateTime), 1, 1)
	INSERT [dbo].[Viaje] ([Id], [CiudadSalida], [CiudadDestino], [VehiculoId], [NombrePasajero], [FechaSalida], [FechaLlegada], [ArticuloEntregado], [ViajeCancelado]) VALUES (6, N'Montrose', N'Gijzelbrechtegem', 28, N'Gillian', CAST(N'2020-03-05T10:52:43.000' AS DateTime), CAST(N'2020-03-06T10:52:43.000' AS DateTime), 1, 1)
	INSERT [dbo].[Viaje] ([Id], [CiudadSalida], [CiudadDestino], [VehiculoId], [NombrePasajero], [FechaSalida], [FechaLlegada], [ArticuloEntregado], [ViajeCancelado]) VALUES (7, N'Wieze', N'Strijtem', 26, N'Hope', CAST(N'2019-09-28T17:36:09.000' AS DateTime), CAST(N'2019-09-29T17:36:09.000' AS DateTime), 0, 1)
	INSERT [dbo].[Viaje] ([Id], [CiudadSalida], [CiudadDestino], [VehiculoId], [NombrePasajero], [FechaSalida], [FechaLlegada], [ArticuloEntregado], [ViajeCancelado]) VALUES (8, N'Palanzano', N'Kobbegem', 11, N'MacKenzie', CAST(N'2019-08-12T15:36:06.000' AS DateTime), CAST(N'2020-06-19T21:38:17.000' AS DateTime), 1, 0)
	INSERT [dbo].[Viaje] ([Id], [CiudadSalida], [CiudadDestino], [VehiculoId], [NombrePasajero], [FechaSalida], [FechaLlegada], [ArticuloEntregado], [ViajeCancelado]) VALUES (9, N'Chelyabinsk', N'Hachy', 11, N'Minerva', CAST(N'2019-10-03T07:48:12.000' AS DateTime), CAST(N'2019-10-04T07:48:12.000' AS DateTime), 1, 1)
	INSERT [dbo].[Viaje] ([Id], [CiudadSalida], [CiudadDestino], [VehiculoId], [NombrePasajero], [FechaSalida], [FechaLlegada], [ArticuloEntregado], [ViajeCancelado]) VALUES (10, N'Roshal', N'Ramagundam', 29, N'Carl', CAST(N'2019-09-11T18:30:40.000' AS DateTime), CAST(N'2019-09-15T06:50:08.000' AS DateTime), 1, 1)
	INSERT [dbo].[Viaje] ([Id], [CiudadSalida], [CiudadDestino], [VehiculoId], [NombrePasajero], [FechaSalida], [FechaLlegada], [ArticuloEntregado], [ViajeCancelado]) VALUES (11, N'Wick', N'Crotta d''Adda', 18, N'Galena', CAST(N'2019-08-11T04:59:15.000' AS DateTime), CAST(N'2019-09-10T02:47:05.000' AS DateTime), 0, 1)
	INSERT [dbo].[Viaje] ([Id], [CiudadSalida], [CiudadDestino], [VehiculoId], [NombrePasajero], [FechaSalida], [FechaLlegada], [ArticuloEntregado], [ViajeCancelado]) VALUES (12, N'Huntsville', N'Motala', 28, N'Barbara', CAST(N'2020-04-17T11:11:38.000' AS DateTime), CAST(N'2020-06-01T20:01:54.000' AS DateTime), 1, 0)
	INSERT [dbo].[Viaje] ([Id], [CiudadSalida], [CiudadDestino], [VehiculoId], [NombrePasajero], [FechaSalida], [FechaLlegada], [ArticuloEntregado], [ViajeCancelado]) VALUES (13, N'Lacombe County', N'Wachtebeke', 12, N'Paloma', CAST(N'2019-10-09T21:23:58.000' AS DateTime), CAST(N'2019-11-12T11:04:12.000' AS DateTime), 0, 0)
	INSERT [dbo].[Viaje] ([Id], [CiudadSalida], [CiudadDestino], [VehiculoId], [NombrePasajero], [FechaSalida], [FechaLlegada], [ArticuloEntregado], [ViajeCancelado]) VALUES (14, N'Nocciano', N'Villahermosa', 1, N'Timothy', CAST(N'2020-02-07T02:32:37.000' AS DateTime), CAST(N'2020-05-16T05:51:29.000' AS DateTime), 0, 1)
	INSERT [dbo].[Viaje] ([Id], [CiudadSalida], [CiudadDestino], [VehiculoId], [NombrePasajero], [FechaSalida], [FechaLlegada], [ArticuloEntregado], [ViajeCancelado]) VALUES (15, N'Derby', N'Otranto', 29, N'Martena', CAST(N'2019-08-23T15:52:10.000' AS DateTime), CAST(N'2020-03-22T16:58:21.000' AS DateTime), 0, 0)
	INSERT [dbo].[Viaje] ([Id], [CiudadSalida], [CiudadDestino], [VehiculoId], [NombrePasajero], [FechaSalida], [FechaLlegada], [ArticuloEntregado], [ViajeCancelado]) VALUES (16, N'Mont-de-Marsan', N'Lebach', 7, N'Justin', CAST(N'2020-02-26T07:25:14.000' AS DateTime), CAST(N'2020-05-14T15:44:57.000' AS DateTime), 1, 0)
	INSERT [dbo].[Viaje] ([Id], [CiudadSalida], [CiudadDestino], [VehiculoId], [NombrePasajero], [FechaSalida], [FechaLlegada], [ArticuloEntregado], [ViajeCancelado]) VALUES (17, N'West Vancouver', N'Mildura', 2, N'Whilemina', CAST(N'2019-10-04T05:39:08.000' AS DateTime), CAST(N'2020-02-18T04:02:41.000' AS DateTime), 0, 0)
	INSERT [dbo].[Viaje] ([Id], [CiudadSalida], [CiudadDestino], [VehiculoId], [NombrePasajero], [FechaSalida], [FechaLlegada], [ArticuloEntregado], [ViajeCancelado]) VALUES (18, N'Bay Roberts', N'Coquimbo', 17, N'Acton', CAST(N'2019-10-06T23:01:28.000' AS DateTime), CAST(N'2019-10-07T09:43:09.000' AS DateTime), 0, 0)
	INSERT [dbo].[Viaje] ([Id], [CiudadSalida], [CiudadDestino], [VehiculoId], [NombrePasajero], [FechaSalida], [FechaLlegada], [ArticuloEntregado], [ViajeCancelado]) VALUES (19, N'Hekelgem', N'Carlisle', 13, N'Howard', CAST(N'2019-08-24T05:29:58.000' AS DateTime), CAST(N'2020-05-09T04:49:01.000' AS DateTime), 0, 0)
	INSERT [dbo].[Viaje] ([Id], [CiudadSalida], [CiudadDestino], [VehiculoId], [NombrePasajero], [FechaSalida], [FechaLlegada], [ArticuloEntregado], [ViajeCancelado]) VALUES (20, N'Jupille-sur-Meuse', N'Mildura', 4, N'Carter', CAST(N'2019-08-07T22:32:20.000' AS DateTime), CAST(N'2019-08-08T22:32:20.000' AS DateTime), 1, 0)
	INSERT [dbo].[Viaje] ([Id], [CiudadSalida], [CiudadDestino], [VehiculoId], [NombrePasajero], [FechaSalida], [FechaLlegada], [ArticuloEntregado], [ViajeCancelado]) VALUES (21, N'Pangnirtung', N'Reggio nell''Emilia', 22, N'Emerald', CAST(N'2020-01-27T10:42:21.000' AS DateTime), CAST(N'2020-01-28T10:42:21.000' AS DateTime), 1, 0)
	INSERT [dbo].[Viaje] ([Id], [CiudadSalida], [CiudadDestino], [VehiculoId], [NombrePasajero], [FechaSalida], [FechaLlegada], [ArticuloEntregado], [ViajeCancelado]) VALUES (22, N'Indianapolis', N'Habergy', 12, N'Illana', CAST(N'2020-05-08T11:19:02.000' AS DateTime), CAST(N'2020-06-13T18:08:21.000' AS DateTime), 0, 0)
	INSERT [dbo].[Viaje] ([Id], [CiudadSalida], [CiudadDestino], [VehiculoId], [NombrePasajero], [FechaSalida], [FechaLlegada], [ArticuloEntregado], [ViajeCancelado]) VALUES (23, N'San Luis Potosí', N'Verkhneuralsk', 10, N'Cailin', CAST(N'2019-07-09T21:07:14.000' AS DateTime), CAST(N'2020-05-10T23:01:43.000' AS DateTime), 1, 0)
	INSERT [dbo].[Viaje] ([Id], [CiudadSalida], [CiudadDestino], [VehiculoId], [NombrePasajero], [FechaSalida], [FechaLlegada], [ArticuloEntregado], [ViajeCancelado]) VALUES (24, N'Harlech', N'Lauder', 20, N'Claire', CAST(N'2020-06-15T18:36:14.000' AS DateTime), CAST(N'2020-06-16T18:36:14.000' AS DateTime), 0, 1)
	INSERT [dbo].[Viaje] ([Id], [CiudadSalida], [CiudadDestino], [VehiculoId], [NombrePasajero], [FechaSalida], [FechaLlegada], [ArticuloEntregado], [ViajeCancelado]) VALUES (25, N'Gmunden', N'Vieuxville', 26, N'Kasper', CAST(N'2020-03-02T13:00:06.000' AS DateTime), CAST(N'2020-03-03T13:00:06.000' AS DateTime), 0, 0)
	INSERT [dbo].[Viaje] ([Id], [CiudadSalida], [CiudadDestino], [VehiculoId], [NombrePasajero], [FechaSalida], [FechaLlegada], [ArticuloEntregado], [ViajeCancelado]) VALUES (26, N'North Las Vegas', N'Carstairs', 25, N'Zephania', CAST(N'2020-06-20T10:30:26.000' AS DateTime), CAST(N'2020-06-21T10:30:26.000' AS DateTime), 0, 0)
	INSERT [dbo].[Viaje] ([Id], [CiudadSalida], [CiudadDestino], [VehiculoId], [NombrePasajero], [FechaSalida], [FechaLlegada], [ArticuloEntregado], [ViajeCancelado]) VALUES (27, N'Laives/Leifers', N'Kailua', 12, N'Diana', CAST(N'2019-09-20T22:26:20.000' AS DateTime), CAST(N'2020-01-20T02:55:03.000' AS DateTime), 1, 1)
	INSERT [dbo].[Viaje] ([Id], [CiudadSalida], [CiudadDestino], [VehiculoId], [NombrePasajero], [FechaSalida], [FechaLlegada], [ArticuloEntregado], [ViajeCancelado]) VALUES (28, N'Volokonovka', N'San Fernando', 7, N'Burton', CAST(N'2020-02-08T09:03:07.000' AS DateTime), CAST(N'2020-05-21T19:32:56.000' AS DateTime), 1, 1)
	INSERT [dbo].[Viaje] ([Id], [CiudadSalida], [CiudadDestino], [VehiculoId], [NombrePasajero], [FechaSalida], [FechaLlegada], [ArticuloEntregado], [ViajeCancelado]) VALUES (29, N'Itanagar', N'Issime', 10, N'Hedwig', CAST(N'2019-10-16T13:15:08.000' AS DateTime), CAST(N'2019-10-17T13:15:08.000' AS DateTime), 1, 0)
	INSERT [dbo].[Viaje] ([Id], [CiudadSalida], [CiudadDestino], [VehiculoId], [NombrePasajero], [FechaSalida], [FechaLlegada], [ArticuloEntregado], [ViajeCancelado]) VALUES (30, N'Gliwice', N'Halifax', 27, N'Driscoll', CAST(N'2020-05-30T03:12:06.000' AS DateTime), CAST(N'2020-05-31T03:12:06.000' AS DateTime), 0, 1)
	INSERT [dbo].[Viaje] ([Id], [CiudadSalida], [CiudadDestino], [VehiculoId], [NombrePasajero], [FechaSalida], [FechaLlegada], [ArticuloEntregado], [ViajeCancelado]) VALUES (31, N'Falkirk', N'St. Andrews', 8, N'Otto', CAST(N'2019-11-14T21:03:00.000' AS DateTime), CAST(N'2020-02-28T20:10:03.000' AS DateTime), 0, 0)
	INSERT [dbo].[Viaje] ([Id], [CiudadSalida], [CiudadDestino], [VehiculoId], [NombrePasajero], [FechaSalida], [FechaLlegada], [ArticuloEntregado], [ViajeCancelado]) VALUES (32, N'Vucht', N'Rivière-du-Loup', 33, N'Erin', CAST(N'2019-11-23T05:04:45.000' AS DateTime), CAST(N'2020-01-03T10:33:44.000' AS DateTime), 0, 1)
	INSERT [dbo].[Viaje] ([Id], [CiudadSalida], [CiudadDestino], [VehiculoId], [NombrePasajero], [FechaSalida], [FechaLlegada], [ArticuloEntregado], [ViajeCancelado]) VALUES (33, N'Judenburg', N'Spaniard''s Bay', 14, N'Laith', CAST(N'2019-07-01T01:21:05.000' AS DateTime), CAST(N'2019-10-28T08:29:54.000' AS DateTime), 0, 0)
	INSERT [dbo].[Viaje] ([Id], [CiudadSalida], [CiudadDestino], [VehiculoId], [NombrePasajero], [FechaSalida], [FechaLlegada], [ArticuloEntregado], [ViajeCancelado]) VALUES (34, N'Herentals', N'Quenast', 20, N'Montana', CAST(N'2020-05-07T11:44:31.000' AS DateTime), CAST(N'2020-05-08T11:44:31.000' AS DateTime), 0, 1)
	INSERT [dbo].[Viaje] ([Id], [CiudadSalida], [CiudadDestino], [VehiculoId], [NombrePasajero], [FechaSalida], [FechaLlegada], [ArticuloEntregado], [ViajeCancelado]) VALUES (35, N'Helena', N'Heinsch', 15, N'Alden', CAST(N'2019-08-08T05:25:59.000' AS DateTime), CAST(N'2019-10-01T19:04:10.000' AS DateTime), 1, 1)
	INSERT [dbo].[Viaje] ([Id], [CiudadSalida], [CiudadDestino], [VehiculoId], [NombrePasajero], [FechaSalida], [FechaLlegada], [ArticuloEntregado], [ViajeCancelado]) VALUES (36, N'Harbour Grace', N'Agen', 1, N'Pandora', CAST(N'2019-08-18T23:37:07.000' AS DateTime), CAST(N'2019-11-28T11:11:15.000' AS DateTime), 0, 1)
	INSERT [dbo].[Viaje] ([Id], [CiudadSalida], [CiudadDestino], [VehiculoId], [NombrePasajero], [FechaSalida], [FechaLlegada], [ArticuloEntregado], [ViajeCancelado]) VALUES (37, N'Maracanaú', N'Maria', 25, N'Noelle', CAST(N'2019-10-06T00:00:20.000' AS DateTime), CAST(N'2020-02-01T11:21:34.000' AS DateTime), 1, 1)
	INSERT [dbo].[Viaje] ([Id], [CiudadSalida], [CiudadDestino], [VehiculoId], [NombrePasajero], [FechaSalida], [FechaLlegada], [ArticuloEntregado], [ViajeCancelado]) VALUES (38, N'Bogotá', N'Cali', 2, N'Andres', CAST(N'2020-03-20T16:33:04.000' AS DateTime), CAST(N'2020-04-13T20:05:12.000' AS DateTime), 1, 0)
	INSERT [dbo].[Viaje] ([Id], [CiudadSalida], [CiudadDestino], [VehiculoId], [NombrePasajero], [FechaSalida], [FechaLlegada], [ArticuloEntregado], [ViajeCancelado]) VALUES (39, N'Dutse', N'Civitacampomarano', 26, N'Amber', CAST(N'2020-01-20T16:33:04.000' AS DateTime), CAST(N'2020-04-13T20:05:12.000' AS DateTime), 0, 0)
	INSERT [dbo].[Viaje] ([Id], [CiudadSalida], [CiudadDestino], [VehiculoId], [NombrePasajero], [FechaSalida], [FechaLlegada], [ArticuloEntregado], [ViajeCancelado]) VALUES (40, N'Carluke', N'Guardia Sanframondi', 3, N'Quon', CAST(N'2020-04-24T06:28:10.000' AS DateTime), CAST(N'2020-04-25T06:28:10.000' AS DateTime), 1, 0)
	INSERT [dbo].[Viaje] ([Id], [CiudadSalida], [CiudadDestino], [VehiculoId], [NombrePasajero], [FechaSalida], [FechaLlegada], [ArticuloEntregado], [ViajeCancelado]) VALUES (41, N'Castri di Lecce', N'Massa Martana', 7, N'August', CAST(N'2019-10-23T22:09:39.000' AS DateTime), CAST(N'2019-10-24T22:09:39.000' AS DateTime), 1, 0)
	INSERT [dbo].[Viaje] ([Id], [CiudadSalida], [CiudadDestino], [VehiculoId], [NombrePasajero], [FechaSalida], [FechaLlegada], [ArticuloEntregado], [ViajeCancelado]) VALUES (42, N'Villavicencio', N'Banjarmasin', 2, N'Rashad', CAST(N'2020-04-15T17:58:07.000' AS DateTime), CAST(N'2020-04-16T17:58:07.000' AS DateTime), 1, 1)
	INSERT [dbo].[Viaje] ([Id], [CiudadSalida], [CiudadDestino], [VehiculoId], [NombrePasajero], [FechaSalida], [FechaLlegada], [ArticuloEntregado], [ViajeCancelado]) VALUES (43, N'Mahbubnagar', N'Maubeuge', 29, N'Paloma', CAST(N'2019-08-22T16:51:21.000' AS DateTime), CAST(N'2020-04-29T10:15:52.000' AS DateTime), 0, 0)
	INSERT [dbo].[Viaje] ([Id], [CiudadSalida], [CiudadDestino], [VehiculoId], [NombrePasajero], [FechaSalida], [FechaLlegada], [ArticuloEntregado], [ViajeCancelado]) VALUES (44, N'Sohbatpur', N'Wernigerode', 26, N'Gary', CAST(N'2019-08-31T04:30:29.000' AS DateTime), CAST(N'2019-10-30T19:34:01.000' AS DateTime), 1, 0)
	INSERT [dbo].[Viaje] ([Id], [CiudadSalida], [CiudadDestino], [VehiculoId], [NombrePasajero], [FechaSalida], [FechaLlegada], [ArticuloEntregado], [ViajeCancelado]) VALUES (45, N'Zaltbommel', N'Roma', 20, N'Kenneth', CAST(N'2020-04-28T02:13:59.000' AS DateTime), CAST(N'2020-04-29T02:13:59.000' AS DateTime), 0, 1)
	INSERT [dbo].[Viaje] ([Id], [CiudadSalida], [CiudadDestino], [VehiculoId], [NombrePasajero], [FechaSalida], [FechaLlegada], [ArticuloEntregado], [ViajeCancelado]) VALUES (46, N'Cali', N'Roma', 2, N'Pedro', CAST(N'2020-03-28T02:13:59.000' AS DateTime), CAST(N'2020-04-01T02:13:59.000' AS DateTime), 1, 0)
	INSERT [dbo].[Viaje] ([Id], [CiudadSalida], [CiudadDestino], [VehiculoId], [NombrePasajero], [FechaSalida], [FechaLlegada], [ArticuloEntregado], [ViajeCancelado]) VALUES (47, N'Pakpatan', N'Greifswald', 18, N'Colt', CAST(N'2019-08-08T08:18:34.000' AS DateTime), CAST(N'2019-11-17T21:06:57.000' AS DateTime), 1, 0)
	INSERT [dbo].[Viaje] ([Id], [CiudadSalida], [CiudadDestino], [VehiculoId], [NombrePasajero], [FechaSalida], [FechaLlegada], [ArticuloEntregado], [ViajeCancelado]) VALUES (48, N'Dilsen-Stokkem', N'Weißenfels', 15, N'Brett', CAST(N'2020-02-27T06:25:02.000' AS DateTime), CAST(N'2020-05-22T01:39:50.000' AS DateTime), 0, 1)
	INSERT [dbo].[Viaje] ([Id], [CiudadSalida], [CiudadDestino], [VehiculoId], [NombrePasajero], [FechaSalida], [FechaLlegada], [ArticuloEntregado], [ViajeCancelado]) VALUES (49, N'Sachs Harbour', N'Ch‰tillon', 12, N'Wynne', CAST(N'2019-09-17T20:54:20.000' AS DateTime), CAST(N'2020-01-02T06:47:30.000' AS DateTime), 0, 0)
	INSERT [dbo].[Viaje] ([Id], [CiudadSalida], [CiudadDestino], [VehiculoId], [NombrePasajero], [FechaSalida], [FechaLlegada], [ArticuloEntregado], [ViajeCancelado]) VALUES (50, N'Carcassonne', N'Pyeongtaek', 4, N'Callum', CAST(N'2020-01-24T11:20:40.000' AS DateTime), CAST(N'2020-04-02T05:59:15.000' AS DateTime), 0, 0)
	INSERT [dbo].[Viaje] ([Id], [CiudadSalida], [CiudadDestino], [VehiculoId], [NombrePasajero], [FechaSalida], [FechaLlegada], [ArticuloEntregado], [ViajeCancelado]) VALUES (51, N'Tanjung Pinang', N'Muzaffargarh', 21, N'Rhona', CAST(N'2020-05-29T04:56:28.000' AS DateTime), CAST(N'2020-05-30T04:56:28.000' AS DateTime), 0, 1)
	INSERT [dbo].[Viaje] ([Id], [CiudadSalida], [CiudadDestino], [VehiculoId], [NombrePasajero], [FechaSalida], [FechaLlegada], [ArticuloEntregado], [ViajeCancelado]) VALUES (52, N'Oetingen', N'Surbo', 7, N'Gloria', CAST(N'2020-02-23T15:31:50.000' AS DateTime), CAST(N'2020-03-12T02:05:13.000' AS DateTime), 0, 1)
	INSERT [dbo].[Viaje] ([Id], [CiudadSalida], [CiudadDestino], [VehiculoId], [NombrePasajero], [FechaSalida], [FechaLlegada], [ArticuloEntregado], [ViajeCancelado]) VALUES (53, N'Vallepietra', N'Blackwood', 10, N'Sierra', CAST(N'2019-07-26T16:04:28.000' AS DateTime), CAST(N'2020-01-28T07:06:10.000' AS DateTime), 1, 0)
	INSERT [dbo].[Viaje] ([Id], [CiudadSalida], [CiudadDestino], [VehiculoId], [NombrePasajero], [FechaSalida], [FechaLlegada], [ArticuloEntregado], [ViajeCancelado]) VALUES (54, N'Sint-Martens-Lennik', N'Kalken', 19, N'Henry', CAST(N'2020-01-31T20:41:07.000' AS DateTime), CAST(N'2020-05-05T15:07:18.000' AS DateTime), 1, 1)
	INSERT [dbo].[Viaje] ([Id], [CiudadSalida], [CiudadDestino], [VehiculoId], [NombrePasajero], [FechaSalida], [FechaLlegada], [ArticuloEntregado], [ViajeCancelado]) VALUES (55, N'Saint-Laurent', N'Bad Neuenahr-Ahrweiler', 4, N'Stephen', CAST(N'2019-08-25T23:36:42.000' AS DateTime), CAST(N'2019-08-26T23:36:42.000' AS DateTime), 1, 0)
	INSERT [dbo].[Viaje] ([Id], [CiudadSalida], [CiudadDestino], [VehiculoId], [NombrePasajero], [FechaSalida], [FechaLlegada], [ArticuloEntregado], [ViajeCancelado]) VALUES (56, N'Charsadda', N'Wittenberg', 18, N'Hashim', CAST(N'2020-05-08T02:24:36.000' AS DateTime), CAST(N'2020-05-09T02:24:36.000' AS DateTime), 1, 0)
	INSERT [dbo].[Viaje] ([Id], [CiudadSalida], [CiudadDestino], [VehiculoId], [NombrePasajero], [FechaSalida], [FechaLlegada], [ArticuloEntregado], [ViajeCancelado]) VALUES (57, N'Warri', N'Haripur', 1, N'Aretha', CAST(N'2020-03-14T09:38:53.000' AS DateTime), CAST(N'2020-03-15T09:38:53.000' AS DateTime), 0, 0)
	INSERT [dbo].[Viaje] ([Id], [CiudadSalida], [CiudadDestino], [VehiculoId], [NombrePasajero], [FechaSalida], [FechaLlegada], [ArticuloEntregado], [ViajeCancelado]) VALUES (58, N'Toledo', N'Darlington', 8, N'Kadeem', CAST(N'2020-02-06T18:40:08.000' AS DateTime), CAST(N'2020-02-07T18:40:08.000' AS DateTime), 0, 0)
	INSERT [dbo].[Viaje] ([Id], [CiudadSalida], [CiudadDestino], [VehiculoId], [NombrePasajero], [FechaSalida], [FechaLlegada], [ArticuloEntregado], [ViajeCancelado]) VALUES (59, N'Saint-Pierre', N'Sanghar', 27, N'Hector', CAST(N'2019-11-03T17:58:39.000' AS DateTime), CAST(N'2019-11-04T17:58:39.000' AS DateTime), 0, 1)
	INSERT [dbo].[Viaje] ([Id], [CiudadSalida], [CiudadDestino], [VehiculoId], [NombrePasajero], [FechaSalida], [FechaLlegada], [ArticuloEntregado], [ViajeCancelado]) VALUES (60, N'Rutland', N'Halesowen', 2, N'Conan', CAST(N'2019-08-25T01:33:56.000' AS DateTime), CAST(N'2020-01-08T06:13:55.000' AS DateTime), 0, 1)
	INSERT [dbo].[Viaje] ([Id], [CiudadSalida], [CiudadDestino], [VehiculoId], [NombrePasajero], [FechaSalida], [FechaLlegada], [ArticuloEntregado], [ViajeCancelado]) VALUES (61, N'Bonnyville Municipal District', N'Pointe-Claire', 11, N'Tanek', CAST(N'2020-02-18T00:14:54.000' AS DateTime), CAST(N'2020-05-18T00:28:29.000' AS DateTime), 1, 0)
	INSERT [dbo].[Viaje] ([Id], [CiudadSalida], [CiudadDestino], [VehiculoId], [NombrePasajero], [FechaSalida], [FechaLlegada], [ArticuloEntregado], [ViajeCancelado]) VALUES (62, N'Dörtyol', N'Spaniard''s Bay', 10, N'Oscar', CAST(N'2019-09-11T13:52:10.000' AS DateTime), CAST(N'2020-04-25T06:20:42.000' AS DateTime), 1, 0)
	INSERT [dbo].[Viaje] ([Id], [CiudadSalida], [CiudadDestino], [VehiculoId], [NombrePasajero], [FechaSalida], [FechaLlegada], [ArticuloEntregado], [ViajeCancelado]) VALUES (63, N'Estevan', N'Portobuffolè', 17, N'Urielle', CAST(N'2020-06-12T19:24:29.000' AS DateTime), CAST(N'2020-06-13T19:24:29.000' AS DateTime), 1, 0)
	INSERT [dbo].[Viaje] ([Id], [CiudadSalida], [CiudadDestino], [VehiculoId], [NombrePasajero], [FechaSalida], [FechaLlegada], [ArticuloEntregado], [ViajeCancelado]) VALUES (64, N'David', N'California', 17, N'NY', CAST(N'2020-06-12T10:24:29.000' AS DateTime), CAST(N'2020-06-13T19:24:29.000' AS DateTime), 1, 0)
	INSERT [dbo].[Viaje] ([Id], [CiudadSalida], [CiudadDestino], [VehiculoId], [NombrePasajero], [FechaSalida], [FechaLlegada], [ArticuloEntregado], [ViajeCancelado]) VALUES (65, N'Dehri', N'Salt Spring Island', 26, N'Cyrus', CAST(N'2020-02-21T15:44:52.000' AS DateTime), CAST(N'2020-04-29T00:42:42.000' AS DateTime), 0, 0)
	INSERT [dbo].[Viaje] ([Id], [CiudadSalida], [CiudadDestino], [VehiculoId], [NombrePasajero], [FechaSalida], [FechaLlegada], [ArticuloEntregado], [ViajeCancelado]) VALUES (66, N'Galzignano Terme', N'Monclova', 16, N'Destiny', CAST(N'2019-08-31T08:57:50.000' AS DateTime), CAST(N'2019-09-01T08:57:50.000' AS DateTime), 0, 0)
	INSERT [dbo].[Viaje] ([Id], [CiudadSalida], [CiudadDestino], [VehiculoId], [NombrePasajero], [FechaSalida], [FechaLlegada], [ArticuloEntregado], [ViajeCancelado]) VALUES (67, N'Galapagos', N'Medellin', 1, N'Camilo', CAST(N'2019-08-31T08:57:50.000' AS DateTime), CAST(N'2019-09-01T08:57:50.000' AS DateTime), 1, 0)
	INSERT [dbo].[Viaje] ([Id], [CiudadSalida], [CiudadDestino], [VehiculoId], [NombrePasajero], [FechaSalida], [FechaLlegada], [ArticuloEntregado], [ViajeCancelado]) VALUES (68, N'Lampeter', N'Vishakhapatnam', 13, N'Kennedy', CAST(N'2019-09-18T15:15:00.000' AS DateTime), CAST(N'2020-02-19T12:07:28.000' AS DateTime), 1, 1)
	INSERT [dbo].[Viaje] ([Id], [CiudadSalida], [CiudadDestino], [VehiculoId], [NombrePasajero], [FechaSalida], [FechaLlegada], [ArticuloEntregado], [ViajeCancelado]) VALUES (69, N'Chiauci', N'Tapachula', 33, N'Maia', CAST(N'2019-08-22T05:25:05.000' AS DateTime), CAST(N'2020-06-20T02:03:48.000' AS DateTime), 0, 0)
	INSERT [dbo].[Viaje] ([Id], [CiudadSalida], [CiudadDestino], [VehiculoId], [NombrePasajero], [FechaSalida], [FechaLlegada], [ArticuloEntregado], [ViajeCancelado]) VALUES (70, N'Vishakhapatnam', N'Tapachula', 3, N'Alberth', CAST(N'2020-06-12T05:25:05.000' AS DateTime), CAST(N'2020-06-20T02:03:48.000' AS DateTime), 1, 0)
	INSERT [dbo].[Viaje] ([Id], [CiudadSalida], [CiudadDestino], [VehiculoId], [NombrePasajero], [FechaSalida], [FechaLlegada], [ArticuloEntregado], [ViajeCancelado]) VALUES (71, N'Bhimavaram', N'Cimolais', 29, N'Denise', CAST(N'2019-09-18T15:42:37.000' AS DateTime), CAST(N'2019-11-04T04:55:21.000' AS DateTime), 0, 0)
	INSERT [dbo].[Viaje] ([Id], [CiudadSalida], [CiudadDestino], [VehiculoId], [NombrePasajero], [FechaSalida], [FechaLlegada], [ArticuloEntregado], [ViajeCancelado]) VALUES (72, N'Swat', N'Jalgaon', 8, N'Reed', CAST(N'2019-11-15T17:47:30.000' AS DateTime), CAST(N'2020-06-21T20:34:52.000' AS DateTime), 1, 1)
	INSERT [dbo].[Viaje] ([Id], [CiudadSalida], [CiudadDestino], [VehiculoId], [NombrePasajero], [FechaSalida], [FechaLlegada], [ArticuloEntregado], [ViajeCancelado]) VALUES (73, N'Jammu', N'Ramsel', 24, N'Gary', CAST(N'2020-06-09T11:28:07.000' AS DateTime), CAST(N'2020-06-10T11:28:07.000' AS DateTime), 0, 1)
	INSERT [dbo].[Viaje] ([Id], [CiudadSalida], [CiudadDestino], [VehiculoId], [NombrePasajero], [FechaSalida], [FechaLlegada], [ArticuloEntregado], [ViajeCancelado]) VALUES (74, N'Cambridge', N'Johnstone', 29, N'Jessica', CAST(N'2019-10-23T20:52:09.000' AS DateTime), CAST(N'2020-06-15T10:28:19.000' AS DateTime), 1, 1)
	INSERT [dbo].[Viaje] ([Id], [CiudadSalida], [CiudadDestino], [VehiculoId], [NombrePasajero], [FechaSalida], [FechaLlegada], [ArticuloEntregado], [ViajeCancelado]) VALUES (75, N'Melilla', N'Wangaratta', 12, N'Cara', CAST(N'2020-03-09T18:28:45.000' AS DateTime), CAST(N'2020-05-13T16:20:07.000' AS DateTime), 0, 1)
	INSERT [dbo].[Viaje] ([Id], [CiudadSalida], [CiudadDestino], [VehiculoId], [NombrePasajero], [FechaSalida], [FechaLlegada], [ArticuloEntregado], [ViajeCancelado]) VALUES (76, N'Heidenheim', N'Teodoro Schmidt', 22, N'Judah', CAST(N'2019-07-09T18:47:52.000' AS DateTime), CAST(N'2019-09-03T09:21:23.000' AS DateTime), 1, 0)
	INSERT [dbo].[Viaje] ([Id], [CiudadSalida], [CiudadDestino], [VehiculoId], [NombrePasajero], [FechaSalida], [FechaLlegada], [ArticuloEntregado], [ViajeCancelado]) VALUES (77, N'Jeju', N'Rhayader', 8, N'Maris', CAST(N'2019-09-14T15:52:46.000' AS DateTime), CAST(N'2019-09-24T18:58:44.000' AS DateTime), 1, 1)
	INSERT [dbo].[Viaje] ([Id], [CiudadSalida], [CiudadDestino], [VehiculoId], [NombrePasajero], [FechaSalida], [FechaLlegada], [ArticuloEntregado], [ViajeCancelado]) VALUES (78, N'Gent', N'Sauris', 21, N'Honorato', CAST(N'2019-08-17T17:05:19.000' AS DateTime), CAST(N'2020-05-26T18:08:12.000' AS DateTime), 0, 0)
	INSERT [dbo].[Viaje] ([Id], [CiudadSalida], [CiudadDestino], [VehiculoId], [NombrePasajero], [FechaSalida], [FechaLlegada], [ArticuloEntregado], [ViajeCancelado]) VALUES (79, N'Soverzene', N'Murray Bridge', 11, N'Tashya', CAST(N'2019-08-14T18:13:39.000' AS DateTime), CAST(N'2020-02-29T03:26:26.000' AS DateTime), 1, 0)
	INSERT [dbo].[Viaje] ([Id], [CiudadSalida], [CiudadDestino], [VehiculoId], [NombrePasajero], [FechaSalida], [FechaLlegada], [ArticuloEntregado], [ViajeCancelado]) VALUES (80, N'Oostkerke', N'Perk', 16, N'Brendan', CAST(N'2020-01-28T15:33:02.000' AS DateTime), CAST(N'2020-01-29T15:33:02.000' AS DateTime), 0, 1)
	INSERT [dbo].[Viaje] ([Id], [CiudadSalida], [CiudadDestino], [VehiculoId], [NombrePasajero], [FechaSalida], [FechaLlegada], [ArticuloEntregado], [ViajeCancelado]) VALUES (81, N'Belmont', N'New Galloway', 23, N'Jana', CAST(N'2019-11-21T22:58:48.000' AS DateTime), CAST(N'2019-11-22T22:58:48.000' AS DateTime), 0, 0)
	INSERT [dbo].[Viaje] ([Id], [CiudadSalida], [CiudadDestino], [VehiculoId], [NombrePasajero], [FechaSalida], [FechaLlegada], [ArticuloEntregado], [ViajeCancelado]) VALUES (82, N'Parkland County', N'Rae Bareli', 14, N'Donna', CAST(N'2019-12-31T19:39:56.000' AS DateTime), CAST(N'2020-02-17T05:55:54.000' AS DateTime), 0, 1)
	INSERT [dbo].[Viaje] ([Id], [CiudadSalida], [CiudadDestino], [VehiculoId], [NombrePasajero], [FechaSalida], [FechaLlegada], [ArticuloEntregado], [ViajeCancelado]) VALUES (83, N'Sale', N'Nemoli', 24, N'Malik', CAST(N'2019-08-21T11:19:21.000' AS DateTime), CAST(N'2020-03-13T01:07:40.000' AS DateTime), 0, 0)
	INSERT [dbo].[Viaje] ([Id], [CiudadSalida], [CiudadDestino], [VehiculoId], [NombrePasajero], [FechaSalida], [FechaLlegada], [ArticuloEntregado], [ViajeCancelado]) VALUES (84, N'Pictou', N'Tomohon', 9, N'Debra', CAST(N'2020-04-23T12:15:04.000' AS DateTime), CAST(N'2020-04-24T12:15:04.000' AS DateTime), 0, 0)
	INSERT [dbo].[Viaje] ([Id], [CiudadSalida], [CiudadDestino], [VehiculoId], [NombrePasajero], [FechaSalida], [FechaLlegada], [ArticuloEntregado], [ViajeCancelado]) VALUES (85, N'Mersin', N'Anglet', 29, N'Grady', CAST(N'2019-11-15T07:28:13.000' AS DateTime), CAST(N'2020-06-19T10:05:42.000' AS DateTime), 0, 0)
	INSERT [dbo].[Viaje] ([Id], [CiudadSalida], [CiudadDestino], [VehiculoId], [NombrePasajero], [FechaSalida], [FechaLlegada], [ArticuloEntregado], [ViajeCancelado]) VALUES (86, N'Belfort', N'St. Catharines', 1, N'Sloane', CAST(N'2019-10-11T22:41:34.000' AS DateTime), CAST(N'2020-03-06T13:18:02.000' AS DateTime), 0, 1)
	INSERT [dbo].[Viaje] ([Id], [CiudadSalida], [CiudadDestino], [VehiculoId], [NombrePasajero], [FechaSalida], [FechaLlegada], [ArticuloEntregado], [ViajeCancelado]) VALUES (87, N'Libramont-Chevigny', N'Chiari', 2, N'Garrett', CAST(N'2020-02-08T05:29:19.000' AS DateTime), CAST(N'2020-02-16T03:26:27.000' AS DateTime), 1, 1)
	INSERT [dbo].[Viaje] ([Id], [CiudadSalida], [CiudadDestino], [VehiculoId], [NombrePasajero], [FechaSalida], [FechaLlegada], [ArticuloEntregado], [ViajeCancelado]) VALUES (88, N'Ulhasnagar', N'Ancaster Town', 20, N'Christopher', CAST(N'2019-08-26T16:40:14.000' AS DateTime), CAST(N'2019-10-22T22:39:55.000' AS DateTime), 0, 1)
	INSERT [dbo].[Viaje] ([Id], [CiudadSalida], [CiudadDestino], [VehiculoId], [NombrePasajero], [FechaSalida], [FechaLlegada], [ArticuloEntregado], [ViajeCancelado]) VALUES (89, N'Fréjus', N'Donosti', 29, N'Paki', CAST(N'2019-08-31T02:07:55.000' AS DateTime), CAST(N'2020-01-12T06:01:24.000' AS DateTime), 0, 0)
	INSERT [dbo].[Viaje] ([Id], [CiudadSalida], [CiudadDestino], [VehiculoId], [NombrePasajero], [FechaSalida], [FechaLlegada], [ArticuloEntregado], [ViajeCancelado]) VALUES (90, N'Manizales', N'Antioquia', 9, N'Charlott', CAST(N'2020-01-11T02:07:55.000' AS DateTime), CAST(N'2020-01-12T06:01:24.000' AS DateTime), 1, 0)
	INSERT [dbo].[Viaje] ([Id], [CiudadSalida], [CiudadDestino], [VehiculoId], [NombrePasajero], [FechaSalida], [FechaLlegada], [ArticuloEntregado], [ViajeCancelado]) VALUES (91, N'Poederlee', N'Latisana', 8, N'Travis', CAST(N'2019-11-27T07:42:02.000' AS DateTime), CAST(N'2020-02-19T08:46:45.000' AS DateTime), 1, 1)
	INSERT [dbo].[Viaje] ([Id], [CiudadSalida], [CiudadDestino], [VehiculoId], [NombrePasajero], [FechaSalida], [FechaLlegada], [ArticuloEntregado], [ViajeCancelado]) VALUES (92, N'Caxias', N'Hemel Hempstead', 23, N'Tate', CAST(N'2020-03-07T02:16:59.000' AS DateTime), CAST(N'2020-03-08T02:16:59.000' AS DateTime), 0, 0)
	INSERT [dbo].[Viaje] ([Id], [CiudadSalida], [CiudadDestino], [VehiculoId], [NombrePasajero], [FechaSalida], [FechaLlegada], [ArticuloEntregado], [ViajeCancelado]) VALUES (93, N'Coatbridge', N'Cheyenne', 13, N'Brandon', CAST(N'2020-03-27T20:38:20.000' AS DateTime), CAST(N'2020-06-10T00:09:04.000' AS DateTime), 0, 0)
	INSERT [dbo].[Viaje] ([Id], [CiudadSalida], [CiudadDestino], [VehiculoId], [NombrePasajero], [FechaSalida], [FechaLlegada], [ArticuloEntregado], [ViajeCancelado]) VALUES (94, N'Gignod', N'Sevastopol', 3, N'Linda', CAST(N'2019-11-10T03:26:08.000' AS DateTime), CAST(N'2019-11-11T03:26:08.000' AS DateTime), 0, 0)
	INSERT [dbo].[Viaje] ([Id], [CiudadSalida], [CiudadDestino], [VehiculoId], [NombrePasajero], [FechaSalida], [FechaLlegada], [ArticuloEntregado], [ViajeCancelado]) VALUES (95, N'Neeroeteren', N'Fort Smith', 3, N'Howard', CAST(N'2020-05-20T10:44:23.000' AS DateTime), CAST(N'2020-05-21T10:44:23.000' AS DateTime), 1, 0)
	INSERT [dbo].[Viaje] ([Id], [CiudadSalida], [CiudadDestino], [VehiculoId], [NombrePasajero], [FechaSalida], [FechaLlegada], [ArticuloEntregado], [ViajeCancelado]) VALUES (96, N'Whitby', N'Jeongeup', 12, N'Sydnee', CAST(N'2019-08-03T02:22:01.000' AS DateTime), CAST(N'2020-04-05T10:47:41.000' AS DateTime), 0, 0)
	INSERT [dbo].[Viaje] ([Id], [CiudadSalida], [CiudadDestino], [VehiculoId], [NombrePasajero], [FechaSalida], [FechaLlegada], [ArticuloEntregado], [ViajeCancelado]) VALUES (97, N'Gadag Betigeri', N'Wolfsberg', 4, N'Marcia', CAST(N'2020-02-13T00:58:43.000' AS DateTime), CAST(N'2020-02-14T00:58:43.000' AS DateTime), 0, 0)
	INSERT [dbo].[Viaje] ([Id], [CiudadSalida], [CiudadDestino], [VehiculoId], [NombrePasajero], [FechaSalida], [FechaLlegada], [ArticuloEntregado], [ViajeCancelado]) VALUES (98, N'Mont-sur-Marchienne', N'Nocciano', 4, N'Christopher', CAST(N'2019-12-28T12:15:00.000' AS DateTime), CAST(N'2020-06-28T16:22:38.000' AS DateTime), 1, 1)
	INSERT [dbo].[Viaje] ([Id], [CiudadSalida], [CiudadDestino], [VehiculoId], [NombrePasajero], [FechaSalida], [FechaLlegada], [ArticuloEntregado], [ViajeCancelado]) VALUES (99, N'Obaix', N'Ville de Maniwaki', 17, N'Beatrice', CAST(N'2020-06-03T16:03:28.000' AS DateTime), CAST(N'2020-06-04T16:03:28.000' AS DateTime), 0, 0)
	INSERT [dbo].[Viaje] ([Id], [CiudadSalida], [CiudadDestino], [VehiculoId], [NombrePasajero], [FechaSalida], [FechaLlegada], [ArticuloEntregado], [ViajeCancelado]) VALUES (100, N'Murdochville', N'Portici', 18, N'Raphael', CAST(N'2019-11-17T07:59:09.000' AS DateTime), CAST(N'2020-04-03T02:22:50.000' AS DateTime), 0, 0)
	SET IDENTITY_INSERT [dbo].[Viaje] OFF
	--Se agregan relaciones entre viajes y empleados
	SET IDENTITY_INSERT [dbo].[Empleado_Viaje] ON
	INSERT INTO [dbo].[Empleado_Viaje]([Id],[EmpleadoId],[ViajeId]) VALUES(1,57,12)
	INSERT INTO [dbo].[Empleado_Viaje]([Id],[EmpleadoId],[ViajeId]) VALUES(2,79,88)
	INSERT INTO [dbo].[Empleado_Viaje]([Id],[EmpleadoId],[ViajeId]) VALUES(3,70,53)
	INSERT INTO [dbo].[Empleado_Viaje]([Id],[EmpleadoId],[ViajeId]) VALUES(4,79,27)
	INSERT INTO [dbo].[Empleado_Viaje]([Id],[EmpleadoId],[ViajeId]) VALUES(5,88,54)
	INSERT INTO [dbo].[Empleado_Viaje]([Id],[EmpleadoId],[ViajeId]) VALUES(6,69,27)
	INSERT INTO [dbo].[Empleado_Viaje]([Id],[EmpleadoId],[ViajeId]) VALUES(7,90,70)
	INSERT INTO [dbo].[Empleado_Viaje]([Id],[EmpleadoId],[ViajeId]) VALUES(8,18,51)
	INSERT INTO [dbo].[Empleado_Viaje]([Id],[EmpleadoId],[ViajeId]) VALUES(9,9,95)
	INSERT INTO [dbo].[Empleado_Viaje]([Id],[EmpleadoId],[ViajeId]) VALUES(10,85,80)
	INSERT INTO [dbo].[Empleado_Viaje]([Id],[EmpleadoId],[ViajeId]) VALUES(11,14,68)
	INSERT INTO [dbo].[Empleado_Viaje]([Id],[EmpleadoId],[ViajeId]) VALUES(12,39,98)
	INSERT INTO [dbo].[Empleado_Viaje]([Id],[EmpleadoId],[ViajeId]) VALUES(13,33,27)
	INSERT INTO [dbo].[Empleado_Viaje]([Id],[EmpleadoId],[ViajeId]) VALUES(14,59,39)
	INSERT INTO [dbo].[Empleado_Viaje]([Id],[EmpleadoId],[ViajeId]) VALUES(15,49,72)
	INSERT INTO [dbo].[Empleado_Viaje]([Id],[EmpleadoId],[ViajeId]) VALUES(16,25,19)
	INSERT INTO [dbo].[Empleado_Viaje]([Id],[EmpleadoId],[ViajeId]) VALUES(17,89,96)
	INSERT INTO [dbo].[Empleado_Viaje]([Id],[EmpleadoId],[ViajeId]) VALUES(18,72,73)
	INSERT INTO [dbo].[Empleado_Viaje]([Id],[EmpleadoId],[ViajeId]) VALUES(19,88,53)
	INSERT INTO [dbo].[Empleado_Viaje]([Id],[EmpleadoId],[ViajeId]) VALUES(20,24,73)
	INSERT INTO [dbo].[Empleado_Viaje]([Id],[EmpleadoId],[ViajeId]) VALUES(21,23,84)
	INSERT INTO [dbo].[Empleado_Viaje]([Id],[EmpleadoId],[ViajeId]) VALUES(22,68,22)
	INSERT INTO [dbo].[Empleado_Viaje]([Id],[EmpleadoId],[ViajeId]) VALUES(23,60,13)
	INSERT INTO [dbo].[Empleado_Viaje]([Id],[EmpleadoId],[ViajeId]) VALUES(24,85,29)
	INSERT INTO [dbo].[Empleado_Viaje]([Id],[EmpleadoId],[ViajeId]) VALUES(25,38,97)
	INSERT INTO [dbo].[Empleado_Viaje]([Id],[EmpleadoId],[ViajeId]) VALUES(26,45,79)
	INSERT INTO [dbo].[Empleado_Viaje]([Id],[EmpleadoId],[ViajeId]) VALUES(27,62,86)
	INSERT INTO [dbo].[Empleado_Viaje]([Id],[EmpleadoId],[ViajeId]) VALUES(28,14,64)
	INSERT INTO [dbo].[Empleado_Viaje]([Id],[EmpleadoId],[ViajeId]) VALUES(29,5,41)
	INSERT INTO [dbo].[Empleado_Viaje]([Id],[EmpleadoId],[ViajeId]) VALUES(30,43,86)
	INSERT INTO [dbo].[Empleado_Viaje]([Id],[EmpleadoId],[ViajeId]) VALUES(31,28,3)
	INSERT INTO [dbo].[Empleado_Viaje]([Id],[EmpleadoId],[ViajeId]) VALUES(32,45,2)
	INSERT INTO [dbo].[Empleado_Viaje]([Id],[EmpleadoId],[ViajeId]) VALUES(33,55,21)
	INSERT INTO [dbo].[Empleado_Viaje]([Id],[EmpleadoId],[ViajeId]) VALUES(34,55,27)
	INSERT INTO [dbo].[Empleado_Viaje]([Id],[EmpleadoId],[ViajeId]) VALUES(35,49,9)
	INSERT INTO [dbo].[Empleado_Viaje]([Id],[EmpleadoId],[ViajeId]) VALUES(36,46,39)
	INSERT INTO [dbo].[Empleado_Viaje]([Id],[EmpleadoId],[ViajeId]) VALUES(37,25,41)
	INSERT INTO [dbo].[Empleado_Viaje]([Id],[EmpleadoId],[ViajeId]) VALUES(38,36,91)
	INSERT INTO [dbo].[Empleado_Viaje]([Id],[EmpleadoId],[ViajeId]) VALUES(39,72,29)
	INSERT INTO [dbo].[Empleado_Viaje]([Id],[EmpleadoId],[ViajeId]) VALUES(40,41,87)
	INSERT INTO [dbo].[Empleado_Viaje]([Id],[EmpleadoId],[ViajeId]) VALUES(41,20,81)
	INSERT INTO [dbo].[Empleado_Viaje]([Id],[EmpleadoId],[ViajeId]) VALUES(42,92,51)
	INSERT INTO [dbo].[Empleado_Viaje]([Id],[EmpleadoId],[ViajeId]) VALUES(43,28,42)
	INSERT INTO [dbo].[Empleado_Viaje]([Id],[EmpleadoId],[ViajeId]) VALUES(44,51,85)
	INSERT INTO [dbo].[Empleado_Viaje]([Id],[EmpleadoId],[ViajeId]) VALUES(45,11,54)
	INSERT INTO [dbo].[Empleado_Viaje]([Id],[EmpleadoId],[ViajeId]) VALUES(46,73,28)
	INSERT INTO [dbo].[Empleado_Viaje]([Id],[EmpleadoId],[ViajeId]) VALUES(47,15,79)
	INSERT INTO [dbo].[Empleado_Viaje]([Id],[EmpleadoId],[ViajeId]) VALUES(48,81,59)
	INSERT INTO [dbo].[Empleado_Viaje]([Id],[EmpleadoId],[ViajeId]) VALUES(49,19,37)
	INSERT INTO [dbo].[Empleado_Viaje]([Id],[EmpleadoId],[ViajeId]) VALUES(50,2,21)
	INSERT INTO [dbo].[Empleado_Viaje]([Id],[EmpleadoId],[ViajeId]) VALUES(51,6,70)
	INSERT INTO [dbo].[Empleado_Viaje]([Id],[EmpleadoId],[ViajeId]) VALUES(52,83,46)
	INSERT INTO [dbo].[Empleado_Viaje]([Id],[EmpleadoId],[ViajeId]) VALUES(53,82,72)
	INSERT INTO [dbo].[Empleado_Viaje]([Id],[EmpleadoId],[ViajeId]) VALUES(54,43,27)
	INSERT INTO [dbo].[Empleado_Viaje]([Id],[EmpleadoId],[ViajeId]) VALUES(55,61,75)
	INSERT INTO [dbo].[Empleado_Viaje]([Id],[EmpleadoId],[ViajeId]) VALUES(56,50,56)
	INSERT INTO [dbo].[Empleado_Viaje]([Id],[EmpleadoId],[ViajeId]) VALUES(57,87,18)
	INSERT INTO [dbo].[Empleado_Viaje]([Id],[EmpleadoId],[ViajeId]) VALUES(58,81,70)
	INSERT INTO [dbo].[Empleado_Viaje]([Id],[EmpleadoId],[ViajeId]) VALUES(59,7,92)
	INSERT INTO [dbo].[Empleado_Viaje]([Id],[EmpleadoId],[ViajeId]) VALUES(60,61,86)
	INSERT INTO [dbo].[Empleado_Viaje]([Id],[EmpleadoId],[ViajeId]) VALUES(61,49,14)
	INSERT INTO [dbo].[Empleado_Viaje]([Id],[EmpleadoId],[ViajeId]) VALUES(62,90,7)
	INSERT INTO [dbo].[Empleado_Viaje]([Id],[EmpleadoId],[ViajeId]) VALUES(63,87,100)
	INSERT INTO [dbo].[Empleado_Viaje]([Id],[EmpleadoId],[ViajeId]) VALUES(64,77,80)
	INSERT INTO [dbo].[Empleado_Viaje]([Id],[EmpleadoId],[ViajeId]) VALUES(65,62,31)
	INSERT INTO [dbo].[Empleado_Viaje]([Id],[EmpleadoId],[ViajeId]) VALUES(66,45,21)
	INSERT INTO [dbo].[Empleado_Viaje]([Id],[EmpleadoId],[ViajeId]) VALUES(67,9,21)
	INSERT INTO [dbo].[Empleado_Viaje]([Id],[EmpleadoId],[ViajeId]) VALUES(68,65,41)
	INSERT INTO [dbo].[Empleado_Viaje]([Id],[EmpleadoId],[ViajeId]) VALUES(69,59,97)
	INSERT INTO [dbo].[Empleado_Viaje]([Id],[EmpleadoId],[ViajeId]) VALUES(70,68,92)
	INSERT INTO [dbo].[Empleado_Viaje]([Id],[EmpleadoId],[ViajeId]) VALUES(71,52,82)
	INSERT INTO [dbo].[Empleado_Viaje]([Id],[EmpleadoId],[ViajeId]) VALUES(72,86,17)
	INSERT INTO [dbo].[Empleado_Viaje]([Id],[EmpleadoId],[ViajeId]) VALUES(73,32,44)
	INSERT INTO [dbo].[Empleado_Viaje]([Id],[EmpleadoId],[ViajeId]) VALUES(74,5,91)
	INSERT INTO [dbo].[Empleado_Viaje]([Id],[EmpleadoId],[ViajeId]) VALUES(75,8,100)
	INSERT INTO [dbo].[Empleado_Viaje]([Id],[EmpleadoId],[ViajeId]) VALUES(76,11,46)
	INSERT INTO [dbo].[Empleado_Viaje]([Id],[EmpleadoId],[ViajeId]) VALUES(77,44,12)
	INSERT INTO [dbo].[Empleado_Viaje]([Id],[EmpleadoId],[ViajeId]) VALUES(78,36,81)
	INSERT INTO [dbo].[Empleado_Viaje]([Id],[EmpleadoId],[ViajeId]) VALUES(79,88,61)
	INSERT INTO [dbo].[Empleado_Viaje]([Id],[EmpleadoId],[ViajeId]) VALUES(80,23,71)
	INSERT INTO [dbo].[Empleado_Viaje]([Id],[EmpleadoId],[ViajeId]) VALUES(81,83,43)
	INSERT INTO [dbo].[Empleado_Viaje]([Id],[EmpleadoId],[ViajeId]) VALUES(82,50,15)
	INSERT INTO [dbo].[Empleado_Viaje]([Id],[EmpleadoId],[ViajeId]) VALUES(83,33,37)
	INSERT INTO [dbo].[Empleado_Viaje]([Id],[EmpleadoId],[ViajeId]) VALUES(84,63,92)
	INSERT INTO [dbo].[Empleado_Viaje]([Id],[EmpleadoId],[ViajeId]) VALUES(85,72,31)
	INSERT INTO [dbo].[Empleado_Viaje]([Id],[EmpleadoId],[ViajeId]) VALUES(86,50,21)
	INSERT INTO [dbo].[Empleado_Viaje]([Id],[EmpleadoId],[ViajeId]) VALUES(87,40,89)
	INSERT INTO [dbo].[Empleado_Viaje]([Id],[EmpleadoId],[ViajeId]) VALUES(88,55,59)
	INSERT INTO [dbo].[Empleado_Viaje]([Id],[EmpleadoId],[ViajeId]) VALUES(89,2,28)
	INSERT INTO [dbo].[Empleado_Viaje]([Id],[EmpleadoId],[ViajeId]) VALUES(90,82,1)
	INSERT INTO [dbo].[Empleado_Viaje]([Id],[EmpleadoId],[ViajeId]) VALUES(91,15,42)
	INSERT INTO [dbo].[Empleado_Viaje]([Id],[EmpleadoId],[ViajeId]) VALUES(92,10,76)
	INSERT INTO [dbo].[Empleado_Viaje]([Id],[EmpleadoId],[ViajeId]) VALUES(93,50,63)
	INSERT INTO [dbo].[Empleado_Viaje]([Id],[EmpleadoId],[ViajeId]) VALUES(94,92,53)
	INSERT INTO [dbo].[Empleado_Viaje]([Id],[EmpleadoId],[ViajeId]) VALUES(95,36,5)
	INSERT INTO [dbo].[Empleado_Viaje]([Id],[EmpleadoId],[ViajeId]) VALUES(96,26,16)
	INSERT INTO [dbo].[Empleado_Viaje]([Id],[EmpleadoId],[ViajeId]) VALUES(97,40,47)
	INSERT INTO [dbo].[Empleado_Viaje]([Id],[EmpleadoId],[ViajeId]) VALUES(98,55,11)
	INSERT INTO [dbo].[Empleado_Viaje]([Id],[EmpleadoId],[ViajeId]) VALUES(99,27,7)
	INSERT INTO [dbo].[Empleado_Viaje]([Id],[EmpleadoId],[ViajeId]) VALUES(100,40,27)
	SET IDENTITY_INSERT [dbo].[Empleado_Viaje] OFF
END